{
    "text": "The 75th Golden Globe Awards honored film and American television of 2017, and was broadcast live on January 7, 2018, from The Beverly Hilton in Beverly Hills, California beginning at 5:00 p.m. PST / 8:00 p.m. EST by NBC. This Golden Globe Awards ceremony was produced by Dick Clark Productions in association with the Hollywood Foreign Press Association.Talk-show host Seth Meyers hosted the ceremony for the first time. Oprah Winfrey was announced as Cecil B. DeMille Lifetime Achievement Award honoree on December 13, 2017. The nominees were announced on December 11, 2017, by Sharon Stone, Alfre Woodard, Kristen Bell and Garrett Hedlund.Three Billboards Outside Ebbing, Missouri won the most awards for the evening with four, including Best Motion Picture – Drama. The Shape of Water and Lady Bird won two awards each. Big Little Lies, The Handmaid's Tale, and The Marvelous Mrs. Maisel were among the television shows that received multiple awards.\n\n\n== Winners and nominees ==\nThe nominees for 75th Golden Globe Awards were announced on December 11, 2017. Winners are listed first in boldface.\n\n\n=== Film ===\n\n\n=== Films with multiple nominations ===\nThe following seventeen films received multiple nominations:\n\n\n=== Films with multiple wins ===\nThe following films received multiple wins:\n\n\n=== Television ===\n\n\n=== Series with multiple nominations ===\nThe following fourteen series received multiple nominations:\n\n\n=== Series with multiple wins ===\nThe following three series received multiple wins:\n\n\n== Ceremony ==\nDuring a pre-show event the award for \"Best Podcast\" was announced. The event was streamed live on YouTube. In support of the #MeToo and Time's Up movements, practically all the attendees wore black. Many of the acceptance speeches specifically mentioned these causes, including that of Oprah Winfrey.\n\n\n=== Presenters ===\n\n\n=== Golden Globe Ambassador ===\nPreviously known as Miss or Mr. Golden Globe, the title was changed this ceremony to Golden Globe Ambassador to better reflect inclusiveness. The inaugural ambassador was Simone Garcia Johnson, daughter of Dwayne Johnson and Dany Garcia.\n\n\n=== Time's Up movement ===\nDue to the Weinstein effect, many attendees wore black in support of the Time's Up movement, and wore corresponding #MeToo pins. Tarana Burke, who created the \"Me too\" movement in 2006, attended the awards as a guest of Michelle Williams.\n\n\n=== Activist guests ===\nActivists attended the ceremony as guests, namely: Tarana Burke as a guest of Michelle Williams, Rosa Clemente as a guest of Susan Sarandon, Saru Jayaraman as a guest of Amy Poehler, Billie Jean King as a guest of Emma Stone, Marai Larasi as a guest of Emma Watson, Calina Lawrence as a guest of Shailene Woodley, Ai-jen Poo as a guest of Meryl Streep, and Mónica Ramírez as a guest of Laura Dern.\n\n\n== Reception ==\n\n\n=== Ratings ===\nThe ceremony averaged a Nielsen 5.0 ratings/18 share, and was watched by 19.0 million viewers. The ratings was a five percent decline from the previous ceremony's viewership of 20.02 million, becoming the lowest since 2012.\n\n\n== In Memoriam ==\nNo \"In Memoriam\" section was broadcast on television during the ceremony, so the HFPA included a slideshow on their website, and they included the following names:\nJerry Lewis\nGlen Campbell\nJeanne Moreau\nMartin Landau\nJohn G. Avildsen\nRoger Moore\nJonathan Demme\nChristine Kaufmann\nRichard Hatch\nJohn Hurt\nMike Connors\nMary Tyler Moore\nMichèle Morgan\nWilliam Peter Blatty\n\n\n== See also ==\n90th Academy Awards\n45th Annie Awards\n23rd Critics' Choice Awards\n71st British Academy Film Awards\n38th Golden Raspberry Awards\n21st Hollywood Film Awards\n33rd Independent Spirit Awards\n22nd Satellite Awards\n24th Screen Actors Guild Awards\n\n\n== References ==\n\n\n== External links ==\nOfficial website\n75th Golden Globe Awards on IMDb\n75th Golden Globe Awards at Rotten Tomatoes",
    "title": "75th Golden Globe Awards",
    "facts": [],
    "keywords": [
        [
            "=",
            0.05989779625178348
        ],
        [
            "awards",
            0.1143211141252999
        ],
        [
            "golden",
            0.1428200353363714
        ],
        [
            "globe",
            0.1489328042315927
        ],
        [
            "beverly",
            0.211475694772958
        ],
        [
            "multiple",
            0.21599071498934092
        ],
        [
            "guest",
            0.2296348432600155
        ],
        [
            "ceremony",
            0.23966224063118532
        ],
        [
            "december",
            0.24828130621588537
        ],
        [
            "film",
            0.26898777938696816
        ]
    ],
    "pageid": 55778277
}