{
    "text": "Gandhi Jayanti is an event celebrated in India to mark the birthday of Mahatma Gandhi. It is celebrated annually on 2 October, and it is one of the three national holidays of India. The UN General Assembly announced on 15 June 2007 that it adopted a resolution which declared that 2 October will be celebrated as the International Day of Non-Violence.\n\n\n== Commemoration ==\nGandhi Jayanti is celebrated yearly on 2 October. It is one of the official declared national holidays of India, observed in all of its states and  territories.\nGandhi Jayanti is marked by prayer services and tributes all over India, including at Gandhi's memorial, Raj Ghat, in New Delhi where he was cremated. Popular activities include prayer meetings, commemorative ceremonies in different cities by colleges, local government institutions and socio-political institutions. Painting and essay competitions are conducted and best awards are granted for projects in schools and the community encouraging a nonviolent way of life as well as celebrating Gandhi's effort in the Indian independence movement. Gandhi's favourite Bhajan (Hindu devotional song), Raghupati Raghav Raja Ram, is usually sung in his memory. Statues of Mahatma Gandhi throughout the country are decorated with flowers and garlands, and some people avoid drinking alcohol or eating meat on the day. Public buildings, banks and post offices are closed.\n\n\n== Mahatma Gandhi's 150th birthday events ==\nOn Mahatma Gandhi's 150th birthday in 2019, he was paid a number of tributes.\n\nThe Central Railway zone celebrated Mahatma Gandhi's 150th Birth Anniversary Year by painting diesel locomotives with Mahatma Gandhi's picture on the backdrop of the national tricolour. \nIn a tribute to Gandhi, the Indian Prime Minister  Narendra Modi released a coin of ₹150. Congress interim chief Sonia Gandhi, former PM Manmohan Singh also paid tributes at Rajghat.  Congress workers took a mass oath to carry forward Mahatma Gandhi's vision. Meanwhile, BJP chief Amit Shah flagged off the party's nationwide Gandhi Sankalp Yatra.  In the evening, PM Modi visited Sabarmati Ashram in Gujarat to address 10,000 sarpanchs.  He also declared India 'open defecation free' and success of the Swachh Bharat Mission and launch a war against plastic.\nAn exhibition titled ‘Picture Postcards for Gandhi’ to mark the 150th birth anniversary of Mahatma Gandhi and his contribution towards environment was held at M.F. Hussain Art Gallery of Jamia Millia Islamia.The exhibition was conceived, designed and curated by Prof. Farhat Basir Khan.\n\n\n== Notes ==",
    "title": "Gandhi Jayanti",
    "facts": [],
    "keywords": [
        [
            "gandhi",
            0.13994997061273923
        ],
        [
            "mahatma",
            0.17651184730491565
        ],
        [
            "india",
            0.21653393844084345
        ],
        [
            "jayanti",
            0.23014342253101527
        ],
        [
            "october",
            0.2328308093779059
        ],
        [
            "150th",
            0.35419956969725547
        ],
        [
            "modi",
            0.4097516516189218
        ],
        [
            "pm",
            0.41062046641881805
        ],
        [
            "national",
            0.41250114578649
        ],
        [
            "birthday",
            0.4271725835485406
        ]
    ],
    "pageid": 1876176
}