{
    "text": "This is a list of Bollywood films that were released in 2019.\n\n\n== Box office collection ==\nThe highest-grossing Bollywood films released in 2019, by worldwide box office gross revenue, are as follows.\n\n\n== January–March ==\n\n\n== April–June ==\n\n\n== July–September ==\n\n\n== October–December ==\n\n\n== See also ==\nList of Bollywood films of 2018\nList of Bollywood films of 2020\nList of Bollywood films\n\n\n== Notes ==\n\n\n== References ==",
    "title": "List of Bollywood films of 2019",
    "facts": [],
    "keywords": [
        [
            "=",
            0.10725981085142396
        ],
        [
            "bollywood",
            0.1657757218802156
        ],
        [
            "list",
            0.23139614033390232
        ],
        [
            "films",
            0.3022557274387691
        ],
        [
            "box",
            0.4953424609176381
        ],
        [
            "office",
            0.49962827296799495
        ],
        [
            "march",
            0.5545707060937569
        ],
        [
            "june",
            0.5750504165343912
        ],
        [
            "september",
            0.5902021622698642
        ],
        [
            "october",
            0.5902021622698642
        ]
    ],
    "pageid": 56087416
}