{
    "text": "This is a list of notable deaths, organized by year. New deaths articles are added to their respective month (e.g., Deaths in November 2020), and then linked here.\n\n\n== 2020 ==\n\n\n== 2019 ==\n\n\n== 2018 ==\n\n\n== 2017 ==\n\n\n== 2016 ==\n\n\n== 2015 ==\n\n\n== 2014 ==\n\n\n== 2013 ==\n\n\n== 2012 ==\n\n\n== 2011 ==\n\n\n== 2010 ==\n\n\n== 2009 ==\n\n\n== 2008 ==\n\n\n== 2007 ==\n\n\n== 2006 ==\n\n\n== 2005 ==\n\n\n== 2004 ==\n\n\n== 2003 ==\n\n\n== 2002 ==\n\n\n== 2001 ==\n\n\n== 2000 ==\n\n\n== 1999 ==\n\n\n== 1998 ==\n\n\n== 1997 ==\n\n\n== 1996 ==\n\n\n== 1995 ==\n\n\n== 1994 ==\n\n\n== 1993 ==\n\n\n== 1992 ==\n\n\n== 1991 ==\n\n\n== 1990 ==\n\n\n== 1989 ==\n\n\n== 1988 ==\n\n\n== 1987 ==\n\n\n== See also ==\nLists of deaths by day",
    "title": "Lists of deaths by year",
    "facts": [],
    "keywords": [
        [
            "=",
            0.06876512451461149
        ],
        [
            "deaths",
            0.31637582389277624
        ],
        [
            "november",
            0.48912457330544085
        ],
        [
            "year",
            0.8911307122131291
        ],
        [
            "notable",
            0.893796530392132
        ],
        [
            "list",
            0.8950942915453503
        ],
        [
            "new",
            0.9249191465032226
        ],
        [
            "e.g.",
            0.9258812934879236
        ],
        [
            "respective",
            0.9268255449480938
        ],
        [
            "month",
            0.9268255449480938
        ]
    ],
    "pageid": 36258669
}