{
    "text": "This is a list of Bollywood (Indian Hindi-language) films that have been released in 2018.\n\n\n== Box office collection ==\nThe Highest-grossing Bollywood films released in 2018, by worldwide box office gross revenue, are as follows.s\n\n\n== January–March ==\n\n\n== April–June ==\n\n\n== July–September ==\n\n\n== October–December ==\n\n\n== See also ==\nList of Bollywood films of 2017\nList of Bollywood films of 2019\nLists of Bollywood films\nLists of films\n\n\n== Notes ==\n\n\n== References ==",
    "title": "List of Bollywood films of 2018",
    "facts": [
        "== Box office collection ==\nThe Highest-grossing Bollywood films released in 2018, by worldwide box office gross revenue, are as follows.s\n\n\n== January–March ==\n\n\n== April–June ==\n\n\n== July–September ==\n\n\n== October–December ==\n\n\n== See also ==\nList of Bollywood films of 2017\nList of Bollywood films of 2019\nLists of Bollywood films\nLists of films\n\n\n== Notes ==\n\n\n== References =="
    ],
    "keywords": [
        [
            "=",
            0.10738986877845232
        ],
        [
            "bollywood",
            0.17064571766032854
        ],
        [
            "films",
            0.2763599653361778
        ],
        [
            "list",
            0.2857196080425013
        ],
        [
            "indian",
            0.3810685901208542
        ],
        [
            "hindi",
            0.3810685901208542
        ],
        [
            "box",
            0.49715584293401005
        ],
        [
            "office",
            0.5013993242439445
        ],
        [
            "march",
            0.5553302305019148
        ],
        [
            "june",
            0.5758017314628748
        ]
    ],
    "pageid": 55582389
}